t,x0,y0,px0,py0,x1,y1,px1,py1,x2,y2,px2,py2
0,1.00465,-0.196851,0.346481,0.462369,-0.911412,0.283324,0.585927,0.402363,-0.0932407,-0.0864731,-0.932407,-0.864731
0.1,1.02875,-0.149182,0.240993,0.476691,-0.839246,0.317924,0.721656,0.346002,-0.189506,-0.168742,-0.962649,-0.822693
0.2,1.04358,-0.100968,0.148254,0.482137,-0.7526,0.342979,0.866456,0.250548,-0.290977,-0.242011,-1.01471,-0.732685
0.3,1.0501,-0.0526352,0.0652577,0.483327,-0.652271,0.353573,1.0033,0.105938,-0.397832,-0.300937,-1.06855,-0.589265
0.4,1.04893,-0.00432619,-0.0116961,0.48309,-0.541651,0.345072,1.10619,-0.0850049,-0.507282,-0.340746,-1.0945,-0.398085
0.5,1.04027,0.0439587,-0.0866478,0.482848,-0.426341,0.315243,1.1531,-0.298296,-0.613927,-0.359201,-1.06645,-0.184552
0.6,1.02388,0.092243,-0.163897,0.482844,-0.311945,0.265528,1.14396,-0.497143,-0.711934,-0.357771,-0.980065,0.0142996
0.7,0.999072,0.140454,-0.248067,0.482107,-0.201712,0.200177,1.10233,-0.653513,-0.797361,-0.340631,-0.854267,0.171405
0.8,0.964646,0.18826,-0.344262,0.478062,-0.0958178,0.124336,1.05894,-0.758405,-0.868828,-0.312596,-0.714676,0.280343
0.9,0.918833,0.234814,-0.458131,0.465536,0.00796913,0.0428979,1.03787,-0.814385,-0.926802,-0.277712,-0.579738,0.348848
1,0.859304,0.278302,-0.595286,0.434886,0.113317,-0.0394735,1.05348,-0.823714,-0.972621,-0.238829,-0.458194,0.388828
1.1,0.783451,0.315217,-0.758533,0.369147,0.224374,-0.117481,1.11057,-0.780073,-1.00783,-0.197736,-0.35204,0.410927
1.2,0.689481,0.339454,-0.9397,0.242376,0.344311,-0.184023,1.19936,-0.665419,-1.03379,-0.155432,-0.259661,0.423043
1.3,0.579051,0.342389,-1.1043,0.0293429,0.472509,-0.230008,1.28199,-0.45985,-1.05156,-0.112381,-0.177693,0.430507
1.4,0.46011,0.316627,-1.18941,-0.257621,0.601636,-0.247902,1.29127,-0.178939,-1.06175,-0.0687251,-0.101858,0.43656
1.5,0.344132,0.262461,-1.15978,-0.541657,0.720357,-0.238001,1.18721,0.0990039,-1.06449,-0.0244597,-0.0274291,0.442654
1.6,0.238207,0.187702,-1.05925,-0.747591,0.821259,-0.2081,1.00902,0.299008,-1.05947,0.0203986,0.0502316,0.448583
1.7,0.142708,0.101226,-0.954986,-0.864761,0.903237,-0.166888,0.819783,0.412121,-1.04595,0.0656626,0.135203,0.452641
1.8,0.0543907,0.00954316,-0.883177,-0.916825,0.968474,-0.120373,0.652368,0.465154,-1.02286,0.11083,0.23081,0.451671
1.9,-0.0309102,-0.082972,-0.85301,-0.925151,1.01984,-0.0719494,0.513612,0.484234,-0.988925,0.154921,0.339397,0.440917
2,-0.117086,-0.172958,-0.861757,-0.899857,1.05984,-0.0233461,0.400043,0.486033,-0.942754,0.196304,0.461714,0.413823
2.1,-0.207245,-0.257157,-0.901593,-0.841989,1.09043,0.0246384,0.305907,0.479845,-0.883185,0.232518,0.595687,0.362144
2.2,-0.303288,-0.331919,-0.960426,-0.747628,1.11301,0.0716946,0.225801,0.470562,-0.809723,0.260225,0.734625,0.277066
2.3,-0.405373,-0.393212,-1.02086,-0.612931,1.12853,0.117756,0.155206,0.460616,-0.723158,0.275456,0.86565,0.152315
2.4,-0.511472,-0.437266,-1.06099,-0.440534,1.13757,0.16286,0.0903917,0.451041,-0.626098,0.274406,0.970594,-0.0105069
2.5,-0.617508,-0.46175,-1.06036,-0.244837,1.14039,0.20706,0.0282207,0.442001,-0.522885,0.254689,1.03214,-0.197164
2.6,-0.718476,-0.466781,-1.00968,-0.0503177,1.13699,0.250362,-0.0339962,0.43302,-0.418517,0.216419,1.04368,-0.382702
2.7,-0.810065,-0.454892,-0.915892,0.118889,1.12714,0.292667,-0.0985239,0.423048,-0.317075,0.162225,1.01442,-0.541937
2.8,-0.889729,-0.429943,-0.796643,0.249493,1.11043,0.333715,-0.167114,0.41048,-0.2207,0.0962279,0.963757,-0.659972
2.9,-0.956733,-0.395859,-0.670037,0.340843,1.08635,0.373035,-0.240835,0.393195,-0.129612,0.0228241,0.910873,-0.734039
3,-1.01158,-0.355873,-0.548431,0.399858,1.05436,0.409905,-0.319869,0.368703,-0.0427822,-0.054032,0.8683,-0.768561
3.1,-1.05535,-0.312326,-0.437787,0.435468,1.01402,0.443346,-0.403355,0.334406,0.0413319,-0.131019,0.841142,-0.769874
3.2,-1.08932,-0.266771,-0.339603,0.455556,0.965088,0.472143,-0.489346,0.287976,0.124227,-0.205373,0.828949,-0.743532
3.3,-1.11461,-0.220168,-0.252962,0.466022,0.907593,0.494921,-0.574953,0.227777,0.207018,-0.274753,0.827915,-0.693799
3.4,-1.1322,-0.173078,-0.175918,0.470907,0.841926,0.510243,-0.656671,0.153217,0.290277,-0.337165,0.832589,-0.624123
3.5,-1.14283,-0.125795,-0.10624,0.472828,0.768842,0.516739,-0.730838,0.0649661,0.373985,-0.390944,0.837078,-0.537794
3.6,-1.147,-0.0784534,-0.0417367,0.473415,0.689427,0.513238,-0.794155,-0.035013,0.457574,-0.434785,0.835891,-0.438402
3.7,-1.14503,-0.0310894,0.019664,0.47364,0.605009,0.498877,-0.844174,-0.143614,0.540025,-0.467787,0.82451,-0.330026
3.8,-1.13704,0.0163138,0.07995,0.474032,0.517039,0.47319,-0.879704,-0.256862,0.620001,-0.489504,0.799754,-0.217169
3.9,-1.12293,0.0637927,0.141134,0.474789,0.426928,0.436164,-0.901106,-0.370258,0.695998,-0.499957,0.759971,-0.104531
4,-1.10238,0.111373,0.205411,0.4758,0.33588,0.388252,-0.910487,-0.479121,0.766505,-0.499625,0.705076,0.00332153
4.1,-1.07485,0.159027,0.275357,0.476544,0.244699,0.330366,-0.91181,-0.578867,0.830151,-0.489393,0.636453,0.102323
4.2,-1.03943,0.20661,0.354186,0.475827,0.153607,0.263856,-0.910912,-0.665101,0.885823,-0.470465,0.556725,0.189274
4.3,-0.994827,0.253731,0.44604,0.471215,0.0620633,0.190519,-0.915442,-0.733367,0.932763,-0.44425,0.469402,0.262152
4.4,-0.939207,0.29952,0.5562,0.457887,-0.0313969,0.112699,-0.934602,-0.778202,0.970604,-0.412219,0.378402,0.320314
4.5,-0.870133,0.342165,0.690737,0.42645,-0.129221,0.0336001,-0.978237,-0.790986,0.999354,-0.375765,0.2875,0.364536
4.6,-0.784737,0.378087,0.853963,0.359224,-0.234593,-0.042008,-1.05372,-0.756081,1.01933,-0.336079,0.199757,0.396857
4.7,-0.680799,0.400756,1.03938,0.226685,-0.35023,-0.1067,-1.15637,-0.646922,1.03103,-0.294056,0.116992,0.420236
4.8,-0.559865,0.400387,1.20934,-0.0036938,-0.475098,-0.150138,-1.24869,-0.434378,1.03496,-0.250249,0.0393537,0.438072
4.9,-0.43115,0.368375,1.28716,-0.320113,-0.600316,-0.163488,-1.25218,-0.133497,1.03147,-0.204888,-0.034981,0.453609
5,-0.307964,0.305718,1.23185,-0.626578,-0.712523,-0.147755,-1.12207,0.157324,1.02049,-0.157962,-0.109789,0.469253
5.1,-0.197364,0.221996,1.106,-0.837217,-0.804098,-0.11263,-0.915757,0.351248,1.00146,-0.109365,-0.190248,0.485968
5.2,-0.0982763,0.126816,0.990875,-0.951801,-0.874937,-0.0677472,-0.708387,0.448832,0.973213,-0.0590686,-0.282488,0.502969
5.3,-0.00574649,0.0265049,0.925298,-1.00311,-0.928077,-0.0191467,-0.531396,0.486005,0.933823,-0.00735816,-0.393902,0.517104
5.4,0.0863908,-0.0747764,0.921372,-1.01281,-0.966835,0.0300417,-0.387585,0.491884,0.880444,0.0447347,-0.533787,0.520929
5.5,0.184749,-0.17293,0.983582,-0.981535,-0.993911,0.078381,-0.270763,0.483393,0.809162,0.0945489,-0.712819,0.498142
5.6,0.295733,-0.261399,1.10984,-0.884691,-1.01126,0.125327,-0.1735,0.469457,0.715529,0.136072,-0.936335,0.415234
5.7,0.422383,-0.328671,1.26651,-0.672722,-1.02015,0.170778,-0.0889322,0.454514,0.597771,0.157893,-1.17758,0.218208
5.8,0.557003,-0.361265,1.34619,-0.325935,-1.02122,0.214804,-0.0106616,0.440262,0.464218,0.14646,-1.33553,-0.114327
5.9,0.681926,-0.357709,1.24924,0.0355591,-1.01449,0.257416,0.0673142,0.426114,0.332563,0.100293,-1.31655,-0.461674
6,0.786494,-0.330193,1.04568,0.275157,-0.999527,0.29836,0.14962,0.409446,0.213033,0.0318328,-1.1953,-0.684602
6.1,0.87064,-0.290517,0.841459,0.396762,-0.97567,0.337003,0.238577,0.38643,0.10503,-0.0464864,-1.08004,-0.783192
6.2,0.937887,-0.245402,0.672467,0.451151,-0.942246,0.372289,0.334236,0.352857,0.00435932,-0.126887,-1.0067,-0.804007
6.3,0.991701,-0.198094,0.538144,0.473075,-0.898782,0.402761,0.434637,0.304716,-0.0929188,-0.204666,-0.972781,-0.77779
6.4,1.03471,-0.150071,0.430088,0.480235,-0.845179,0.426641,0.536038,0.238802,-0.189531,-0.27657,-0.966127,-0.719036
6.5,1.06875,-0.101964,0.340437,0.481072,-0.781853,0.44198,0.633259,0.153388,-0.286901,-0.340016,-0.973696,-0.63446
6.6,1.09507,-0.0540074,0.263173,0.479563,-0.709822,0.446868,0.720306,0.0488877,-0.385249,-0.392861,-0.983479,-0.528451
6.7,1.11445,-0.00625349,0.193831,0.477539,-0.63069,0.4397,0.791325,-0.071688,-0.483765,-0.433446,-0.985156,-0.405851
6.8,1.12735,0.0413216,0.128998,0.475751,-0.546508,0.419429,0.841818,-0.202703,-0.580846,-0.460751,-0.970816,-0.273049
6.9,1.13395,0.0887559,0.0659198,0.474342,-0.459523,0.385781,0.869845,-0.336482,-0.674423,-0.474537,-0.935765,-0.13786
7,1.13417,0.136058,0.00221347,0.473022,-0.371842,0.339333,0.876808,-0.464482,-0.762325,-0.475391,-0.879021,-0.00853945
7.1,1.12774,0.183166,-0.0643018,0.471077,-0.285097,0.281461,0.867452,-0.578715,-0.84264,-0.464627,-0.80315,0.107638
7.2,1.11417,0.229893,-0.135674,0.467277,-0.200198,0.21417,0.84899,-0.672915,-0.913971,-0.444063,-0.713317,0.205637
7.3,1.09279,0.275864,-0.213756,0.459709,-0.117237,0.139869,0.829611,-0.743009,-0.975557,-0.415733,-0.615855,0.2833
7.4,1.0628,0.320425,-0.299984,0.445606,-0.0355572,0.0611895,0.8168,-0.786795,-1.02724,-0.381615,-0.516816,0.341189
7.5,1.0233,0.36255,-0.394952,0.42125,0.0460316,-0.0191205,0.815888,-0.803101,-1.06933,-0.343429,-0.420936,0.381851
7.6,0.97352,0.400761,-0.497803,0.382111,0.12893,-0.0982167,0.828986,-0.790962,-1.10245,-0.302544,-0.331183,0.40885
7.7,0.912966,0.433102,-0.605548,0.323409,0.214367,-0.173149,0.854366,-0.749324,-1.12733,-0.259953,-0.248818,0.425915
7.8,0.841703,0.457224,-0.712625,0.241222,0.303003,-0.240907,0.886366,-0.677584,-1.14471,-0.216317,-0.173742,0.436361
7.9,0.760588,0.470631,-0.81115,0.134065,0.394612,-0.298597,0.916086,-0.576897,-1.1552,-0.172034,-0.104936,0.442831
8,0.671359,0.47107,-0.892286,0.00439255,0.487924,-0.343761,0.933122,-0.451639,-1.15928,-0.127309,-0.040836,0.447246
8.1,0.576497,0.456986,-0.948626,-0.140845,0.580745,-0.374766,0.928213,-0.310049,-1.15724,-0.0822197,0.0204125,0.450894
8.2,0.478823,0.427858,-0.976738,-0.291277,0.670335,-0.391093,0.895896,-0.163266,-1.14916,-0.0367654,0.0808416,0.454543
8.3,0.380964,0.384299,-0.978592,-0.435591,0.753928,-0.393386,0.835934,-0.0229385,-1.13489,0.00908757,0.142658,0.45853
8.4,0.284846,0.32788,-0.961177,-0.564189,0.829212,-0.383243,0.752838,0.101432,-1.11406,0.0553633,0.208339,0.462757
8.5,0.191371,0.260808,-0.934753,-0.670716,0.894608,-0.362829,0.653959,0.204141,-1.08598,0.102021,0.280794,0.466575
8.6,0.100287,0.185614,-0.910841,-0.751938,0.949333,-0.33448,0.547252,0.283486,-1.04962,0.148866,0.363589,0.468453
8.7,0.0102093,0.104992,-0.900774,-0.806227,0.993296,-0.300388,0.439622,0.340925,-1.0035,0.195396,0.461152,0.465301
8.8,-0.0812785,0.0218875,-0.914879,-0.831043,1.0269,-0.262401,0.336093,0.379868,-0.945626,0.240514,0.578786,0.451176
8.9,-0.17742,-0.0600662,-0.96141,-0.819537,1.05087,-0.221943,0.239629,0.404577,-0.873448,0.28201,0.721782,0.414959
9,-0.281721,-0.135709,-1.04301,-0.756426,1.066,-0.180005,0.151307,0.419386,-0.784278,0.315714,0.891704,0.33704
9.1,-0.396351,-0.197356,-1.1463,-0.616468,1.07306,-0.137185,0.0705732,0.428202,-0.676705,0.33454,1.07573,0.188266
9.2,-0.518774,-0.235325,-1.22423,-0.379698,1.0726,-0.0937633,-0.00457193,0.434213,-0.553825,0.329089,1.2288,-0.0545153
9.3,-0.639168,-0.243149,-1.20394,-0.0782318,1.06485,-0.0498008,-0.0774563,0.439625,-0.425685,0.292949,1.2814,-0.361393
9.4,-0.745572,-0.2239,-1.06404,0.192482,1.04961,-0.00526783,-0.152466,0.44533,-0.304034,0.229168,1.21651,-0.637813
9.5,-0.832151,-0.187041,-0.865784,0.368598,1.02616,0.0397943,-0.234476,0.450621,-0.194008,0.147246,1.10026,-0.819219
9.6,-0.899322,-0.141148,-0.671712,0.45893,0.993317,0.085091,-0.328413,0.452968,-0.0939955,0.0560565,1.00013,-0.911898
9.7,-0.949945,-0.0915435,-0.506231,0.496041,0.949411,0.12984,-0.439064,0.447486,0.00053399,-0.0382962,0.945295,-0.943527
9.8,-0.987025,-0.0410169,-0.370804,0.505265,0.892365,0.172424,-0.57046,0.425844,0.0946604,-0.131407,0.941264,-0.931109
9.9,-1.01299,0.00912583,-0.259634,0.501428,0.819988,0.209908,-0.723774,0.374843,0.193001,-0.219034,0.983408,-0.87627
10,-1.02958,0.0583657,-0.165947,0.492398,0.730762,0.237539,-0.892257,0.276303,0.298822,-0.295904,1.0582,-0.768701
10.1,-1.03794,0.106575,-0.0836074,0.482092,0.625431,0.248863,-1.05331,0.113243,0.412513,-0.355438,1.13691,-0.595334
10.2,-1.03866,0.153787,-0.00719573,0.47212,0.508737,0.237722,-1.16695,-0.111406,0.529927,-0.391509,1.17414,-0.360714
10.3,-1.03184,0.200039,0.06819,0.46252,0.388728,0.202068,-1.20009,-0.356538,0.643117,-0.402107,1.1319,-0.105982
10.4,-1.01715,0.245235,0.146941,0.451962,0.272524,0.145689,-1.16204,-0.563797,0.744627,-0.390924,1.0151,0.111835
10.5,-0.993881,0.289011,0.232694,0.437765,0.162974,0.0754889,-1.0955,-0.702,0.830907,-0.3645,0.862804,0.264235
10.6,-0.961086,0.330597,0.327948,0.415851,0.0591487,-0.00181499,-1.03826,-0.773038,0.901938,-0.328782,0.710307,0.357187
10.7,-0.917736,0.368675,0.433508,0.380782,-0.0416262,-0.0808089,-1.00775,-0.789939,0.959362,-0.287866,0.574241,0.409157
10.8,-0.862971,0.401285,0.547649,0.326105,-0.142198,-0.157078,-1.00572,-0.762691,1.00517,-0.244207,0.458068,0.436586
10.9,-0.796455,0.425827,0.665159,0.245417,-0.244664,-0.226677,-1.02466,-0.695985,1.04112,-0.19915,0.359502,0.450568
11,-0.718772,0.439272,0.77683,0.13445,-0.349804,-0.285901,-1.0514,-0.592249,1.06858,-0.153371,0.274569,0.457799
11.1,-0.631726,0.438669,0.870463,-0.00602495,-0.456771,-0.331508,-1.06967,-0.456062,1.0885,-0.107162,0.199211,0.462087
11.2,-0.538299,0.421878,0.934268,-0.167912,-0.563172,-0.361264,-1.06401,-0.297561,1.10147,-0.0606145,0.12974,0.465474
11.3,-0.44211,0.388235,0.961888,-0.336429,-0.665647,-0.374512,-1.02475,-0.132478,1.10776,-0.0137238,0.062861,0.468907
11.4,-0.346515,0.338782,0.955945,-0.494529,-0.760795,-0.372317,-0.951485,0.0219463,1.10731,0.0335345,-0.00446047,0.472583
11.5,-0.253787,0.275924,0.927285,-0.628579,-0.84601,-0.357064,-0.852146,0.152533,1.0998,0.0811391,-0.0751386,0.476046
11.6,-0.164722,0.202784,0.890652,-0.731409,-0.919868,-0.331733,-0.738577,0.253309,1.08459,0.128949,-0.152075,0.4781
11.7,-0.0787146,0.122636,0.860072,-0.801472,-0.982058,-0.299241,-0.621908,0.324917,1.06077,0.176604,-0.238164,0.476554
11.8,0.00590134,0.0386551,0.846159,-0.839813,-1.03306,-0.262042,-0.510053,0.371991,1.02716,0.223387,-0.336106,0.467822
11.9,0.0914206,-0.0460426,0.855193,-0.846978,-1.0738,-0.221986,-0.407332,0.400556,0.982376,0.268029,-0.447861,0.446422
12,0.180288,-0.12814,0.888678,-0.820979,-1.10532,-0.18035,-0.315192,0.416363,0.925028,0.30849,-0.573487,0.404615
12.1,0.274521,-0.203829,0.942325,-0.756888,-1.12863,-0.137936,-0.233164,0.424141,0.854111,0.341765,-0.709161,0.332747
12.2,0.374955,-0.268715,1.00434,-0.64886,-1.1446,-0.0951944,-0.15965,0.427412,0.769643,0.36391,-0.844687,0.221447
12.3,0.480437,-0.318262,1.05482,-0.495471,-1.15384,-0.0523356,-0.0924488,0.428588,0.673405,0.370598,-0.962376,0.0668824
12.4,0.587459,-0.348949,1.07022,-0.306869,-1.15675,-0.00942107,-0.0290654,0.429145,0.56929,0.35837,-1.04115,-0.122276
12.5,0.690889,-0.359649,1.0343,-0.107001,-1.15344,0.0335571,0.0331267,0.429782,0.462547,0.326092,-1.06743,-0.322781
12.6,0.785702,-0.352112,0.948131,0.0753708,-1.14376,0.0766083,0.0967969,0.430511,0.358054,0.275504,-1.04493,-0.505882
12.7,0.868512,-0.330059,0.828097,0.220531,-1.1273,0.119675,0.164605,0.430664,0.258784,0.210384,-0.992702,-0.651195
12.8,0.937976,-0.297712,0.694644,0.323467,-1.10338,0.162554,0.239147,0.428789,0.165405,0.135159,-0.933791,-0.752256
12.9,0.994306,-0.25875,0.563297,0.389627,-1.0711,0.204799,0.32285,0.422456,0.0767903,0.0539506,-0.886147,-0.812083
13,1.03855,-0.215921,0.442444,0.42829,-1.02933,0.245596,0.417702,0.407972,-0.00922425,-0.0296756,-0.860146,-0.836262
13.1,1.07205,-0.171083,0.334978,0.448377,-0.976856,0.283607,0.524703,0.380109,-0.0951924,-0.112524,-0.859681,-0.828486
13.2,1.0961,-0.125392,0.240565,0.456907,-0.912568,0.316811,0.64288,0.332034,-0.183537,-0.191418,-0.883445,-0.788941
13.3,1.11183,-0.0795062,0.157286,0.458861,-0.835787,0.342402,0.767811,0.255914,-0.276047,-0.262896,-0.925097,-0.714775
13.4,1.12009,-0.0337523,0.082568,0.457539,-0.746782,0.356895,0.890053,0.144925,-0.373309,-0.323142,-0.972621,-0.602464
13.5,1.12145,0.0117455,0.0136196,0.454978,-0.647295,0.35662,0.994868,-0.0027439,-0.474157,-0.368366,-1.00849,-0.452234
13.6,1.11621,0.0569733,-0.052422,0.452279,-0.540729,0.338715,1.06566,-0.179056,-0.575481,-0.395688,-1.01324,-0.273222
13.7,1.10436,0.101953,-0.118484,0.449794,-0.431542,0.302241,1.09187,-0.364736,-0.672819,-0.404194,-0.973383,-0.0850579
13.8,1.0856,0.146669,-0.187602,0.447163,-0.323895,0.248697,1.07647,-0.535438,-0.761706,-0.395366,-0.888867,0.0882748
13.9,1.05931,0.190988,-0.262956,0.443186,-0.220336,0.181489,1.03559,-0.672082,-0.83897,-0.372477,-0.772636,0.228896
14,1.02452,0.234538,-0.347821,0.435507,-0.121298,0.104858,0.990377,-0.766305,-0.903225,-0.339397,-0.642556,0.330798
14.1,0.979992,0.27655,-0.445316,0.420117,-0.0254256,0.0230679,0.958728,-0.817906,-0.954566,-0.299618,-0.513412,0.397789
14.2,0.924222,0.315621,-0.557698,0.390712,0.0697267,-0.0598195,0.951524,-0.828874,-0.993949,-0.255802,-0.393825,0.438161
14.3,0.855738,0.349443,-0.684847,0.338219,0.16691,-0.139697,0.971836,-0.798774,-1.02265,-0.209746,-0.286989,0.460555
14.4,0.77358,0.374581,-0.821578,0.251376,0.268325,-0.212039,1.01414,-0.723427,-1.0419,-0.162541,-0.192566,0.472051
14.5,0.678137,0.386599,-0.954425,0.120184,0.374597,-0.271833,1.06273,-0.59794,-1.05273,-0.114766,-0.108303,0.477756
14.6,0.572008,0.38097,-1.06129,-0.0562884,0.483827,-0.314306,1.09229,-0.424729,-1.05583,-0.0666638,-0.0310017,0.481018
14.7,0.460029,0.35482,-1.1198,-0.261499,0.591506,-0.336535,1.0768,-0.222283,-1.05153,-0.0182857,0.0429994,0.483781
14.8,0.34773,0.308438,-1.12299,-0.463824,0.692039,-0.338838,1.00532,-0.0230294,-1.03977,0.0303997,0.117669,0.486853
14.9,0.239069,0.245105,-1.0866,-0.633333,0.780968,-0.324502,0.889292,0.14336,-1.02004,0.079397,0.197313,0.489974
15,0.135204,0.169527,-1.03865,-0.755775,0.856159,-0.298084,0.751915,0.264181,-0.991363,0.128556,0.286736,0.491594
15.1,0.0347017,0.086445,-1.00502,-0.830821,0.917517,-0.26382,0.613581,0.342632,-0.952219,0.177375,0.391441,0.488189
15.2,-0.0656497,0.000261479,-1.00351,-0.861835,0.966114,-0.224916,0.485962,0.389043,-0.900464,0.224654,0.517552,0.472792
15.3,-0.170025,-0.0844034,-1.04376,-0.846648,1.00344,-0.183492,0.373255,0.414235,-0.833414,0.267896,0.670501,0.432414
15.4,-0.28254,-0.161572,-1.12514,-0.771682,1.03095,-0.140805,0.275145,0.426879,-0.748414,0.302376,0.849997,0.344803
15.5,-0.405148,-0.222876,-1.22609,-0.613044,1.04985,-0.0974919,0.188975,0.433127,-0.644703,0.320368,1.03711,0.179917
15.6,-0.534094,-0.25889,-1.28946,-0.360142,1.06094,-0.0537969,0.11087,0.43695,-0.526844,0.312687,1.17859,-0.0768082
15.7,-0.658856,-0.265165,-1.24762,-0.0627515,1.06456,-0.00974994,0.0362514,0.44047,-0.405707,0.274915,1.21137,-0.377718
15.8,-0.768931,-0.246546,-1.10075,0.186198,1.0606,0.0346583,-0.0396612,0.444083,-0.291666,0.211887,1.14042,-0.63028
15.9,-0.860215,-0.212193,-0.912839,0.343524,1.04847,0.0793182,-0.121263,0.446599,-0.188256,0.132875,1.0341,-0.790123
16,-0.933669,-0.169637,-0.73454,0.425556,1.02725,0.123854,-0.212237,0.445361,-0.0935778,0.0457832,0.946778,-0.870917
16.1,-0.991991,-0.123469,-0.583222,0.461683,0.995708,0.167471,-0.315395,0.43617,-0.00371615,-0.0440022,0.898617,-0.897853
16.2,-1.03788,-0.0761403,-0.458921,0.473289,0.952484,0.208775,-0.43224,0.41304,0.0853999,-0.132635,0.89116,-0.886329
16.3,-1.07353,-0.0288546,-0.356498,0.472857,0.896288,0.245583,-0.561959,0.368077,0.177246,-0.216728,0.918457,-0.840934
16.4,-1.10056,0.0178588,-0.270312,0.467133,0.826319,0.274792,-0.699687,0.292087,0.274245,-0.292651,0.969998,-0.759221
16.5,-1.12011,0.0638198,-0.195451,0.45961,0.742873,0.292485,-0.83446,0.176932,0.377237,-0.356305,1.02991,-0.636543
16.6,-1.13289,0.109015,-0.127833,0.451953,0.648003,0.294542,-0.948696,0.0205662,0.484889,-0.403557,1.07653,-0.472519
16.7,-1.1393,0.153489,-0.0640245,0.444736,0.545745,0.277869,-1.02258,-0.166722,0.59355,-0.431358,1.08661,-0.278015
16.8,-1.1394,0.197267,-0.00107326,0.437784,0.441304,0.241767,-1.04441,-0.361025,0.698099,-0.439034,1.04548,-0.0767586
16.9,-1.13305,0.240295,0.0635538,0.430283,0.339371,0.188369,-1.01933,-0.533979,0.793676,-0.428664,0.955777,0.103697
17,-1.11986,0.282377,0.131905,0.420814,0.242711,0.12176,-0.966596,-0.666092,0.877146,-0.404137,0.834691,0.245278
17.1,-1.09932,0.323115,0.205382,0.407378,0.151909,0.0465737,-0.908022,-0.751861,0.94741,-0.369688,0.702641,0.344483
17.2,-1.07087,0.361866,0.284529,0.38751,0.0660045,-0.0329563,-0.859046,-0.7953,1.00486,-0.328909,0.574517,0.40779
17.3,-1.03398,0.397717,0.368846,0.358514,-0.0166637,-0.1133,-0.826682,-0.803432,1.05064,-0.284417,0.457836,0.444918
17.4,-0.988312,0.4295,0.456696,0.317834,-0.0978043,-0.191557,-0.811406,-0.782572,1.08612,-0.237944,0.35471,0.464739
17.5,-0.933773,0.455849,0.545389,0.263484,-0.178773,-0.265298,-0.80969,-0.737412,1.11255,-0.190551,0.264301,0.473928
17.6,-0.870626,0.475295,0.631463,0.194464,-0.260372,-0.332447,-0.815987,-0.671488,1.131,-0.142848,0.184524,0.477024
17.7,-0.799514,0.486399,0.711129,0.111035,-0.34278,-0.391243,-0.824086,-0.587964,1.14229,-0.0951555,0.112957,0.476929
17.8,-0.721433,0.487881,0.780806,0.014827,-0.425585,-0.440267,-0.828044,-0.490242,1.14702,-0.0476141,0.0472383,0.475415
17.9,-0.637668,0.478754,0.837653,-0.0912692,-0.507868,-0.478491,-0.822828,-0.382241,1.14554,-0.000263016,-0.0148256,0.47351
18,-0.549665,0.458419,0.880027,-0.203351,-0.588341,-0.505332,-0.804735,-0.268404,1.13801,0.0469125,-0.0752921,0.471755
18.1,-0.458883,0.426734,0.907822,-0.316858,-0.665505,-0.520679,-0.771634,-0.153476,1.12439,0.0939459,-0.136189,0.470334
18.2,-0.366614,0.384039,0.922692,-0.426944,-0.737808,-0.524897,-0.723031,-0.0421732,1.10442,0.140858,-0.199661,0.469118
18.3,-0.273798,0.331159,0.928156,-0.528796,-0.803807,-0.518775,-0.659998,0.0612146,1.07761,0.187616,-0.268158,0.467582
18.4,-0.180838,0.26938,0.929603,-0.617795,-0.862302,-0.503454,-0.584942,0.153211,1.04314,0.234074,-0.34466,0.464584
18.5,-0.0874195,0.200444,0.934182,-0.689361,-0.912427,-0.480305,-0.501257,0.231489,0.999847,0.279861,-0.432925,0.457872
18.6,0.00763132,0.126622,0.950508,-0.738217,-0.953712,-0.450796,-0.412845,0.295091,0.946081,0.324174,-0.537663,0.443126
18.7,0.106415,0.0509581,0.987832,-0.75664,-0.986069,-0.416347,-0.323567,0.344491,0.879654,0.365389,-0.664265,0.412149
18.8,0.211768,-0.0221701,1.05354,-0.731282,-1.00974,-0.378201,-0.236677,0.381462,0.797968,0.400371,-0.816859,0.34982
18.9,0.326345,-0.0861269,1.14577,-0.639568,-1.02517,-0.337325,-0.1543,0.40876,0.698821,0.423452,-0.991472,0.230808
19,0.450032,-0.131519,1.23687,-0.453922,-1.03287,-0.294357,-0.0770266,0.429675,0.582837,0.425876,-1.15984,0.0242462
19.1,0.57603,-0.149074,1.25999,-0.175551,-1.03323,-0.249608,-0.00361241,0.447496,0.4572,0.398682,-1.25637,-0.271945
19.2,0.691773,-0.137188,1.15743,0.118858,-1.02632,-0.203118,0.0690735,0.464895,0.334549,0.340307,-1.2265,-0.583752
19.3,0.787994,-0.103832,0.962209,0.333561,-1.01176,-0.154785,0.145654,0.483336,0.223763,0.258617,-1.10786,-0.816896
19.4,0.863045,-0.0589353,0.750503,0.44897,-0.988585,-0.104511,0.231727,0.502734,0.12554,0.163447,-0.98223,-0.951704
19.5,0.919458,-0.00936487,0.564131,0.495705,-0.95519,-0.0524058,0.333948,0.521055,0.0357322,0.0617706,-0.898078,-1.01676
19.6,0.960597,0.0411422,0.41139,0.505071,-0.909128,0.000898101,0.460619,0.533039,-0.0514686,-0.0420403,-0.872008,-1.03811
19.7,0.989363,0.090805,0.287666,0.496628,-0.846947,0.0535987,0.62181,0.527006,-0.142416,-0.144404,-0.909477,-1.02363
19.8,1.00793,0.138902,0.185704,0.480973,-0.764332,0.101446,0.826151,0.478469,-0.243602,-0.240348,-1.01185,-0.959441
19.9,1.01779,0.185252,0.0985658,0.463493,-0.65781,0.135746,1.06522,0.343004,-0.35998,-0.320998,-1.16379,-0.806497
20,1.01978,0.229907,0.0199201,0.446551,-0.530268,0.143341,1.27542,0.0759519,-0.489514,-0.373248,-1.29534,-0.522503
20.1,1.01416,0.272935,-0.0562019,0.430284,-0.395837,0.116022,1.34431,-0.273187,-0.618326,-0.388958,-1.28811,-0.157097
20.2,1.00067,0.314213,-0.134936,0.412779,-0.269118,0.0606186,1.26718,-0.554039,-0.73155,-0.374832,-1.13225,0.141259
20.3,0.978716,0.353274,-0.219525,0.390613,-0.153997,-0.0100066,1.15121,-0.706252,-0.824719,-0.343268,-0.931688,0.315639
20.4,0.947619,0.38924,-0.310971,0.359656,-0.0477645,-0.0862214,1.06232,-0.762148,-0.899855,-0.303019,-0.751352,0.402492
20.5,0.9068,0.420809,-0.408186,0.315687,0.0534959,-0.162066,1.0126,-0.758446,-0.960296,-0.258743,-0.604419,0.442759
20.6,0.855985,0.446306,-0.508151,0.25497,0.15292,-0.233604,0.994243,-0.715382,-1.00891,-0.212702,-0.486092,0.460412
20.7,0.795371,0.4638,-0.606144,0.174938,0.25242,-0.297856,0.994996,-0.642517,-1.04779,-0.165944,-0.388851,0.467578
20.8,0.72575,0.471295,-0.696213,0.074953,0.352667,-0.352372,1.00248,-0.545162,-1.07842,-0.118923,-0.306264,0.470209
20.9,0.648546,0.466991,-0.772032,-0.0430374,0.453209,-0.395188,1.00542,-0.428161,-1.10176,-0.0718031,-0.233388,0.471198
21,0.565732,0.44957,-0.828141,-0.174208,0.552667,-0.424958,0.994576,-0.2977,-1.1184,-0.0246123,-0.166435,0.471907
21.1,0.479598,0.41845,-0.861348,-0.311206,0.649039,-0.441124,0.963723,-0.161662,-1.12864,0.0226744,-0.102375,0.472867
21.2,0.392413,0.373927,-0.871843,-0.445232,0.740086,-0.444009,0.91047,-0.0288527,-1.1325,0.0700829,-0.0386277,0.474085
21.3,0.306058,0.317167,-0.863558,-0.567597,0.823726,-0.434762,0.8364,0.0924725,-1.12978,0.117595,0.0271579,0.475125
21.4,0.221706,0.250048,-0.843519,-0.671185,0.898356,-0.415149,0.746299,0.196133,-1.12006,0.1651,0.0972202,0.475051
21.5,0.139668,0.174925,-0.820374,-0.751236,0.963024,-0.387253,0.64668,0.278961,-1.10269,0.212328,0.173694,0.472275
21.6,0.0594079,0.0944055,-0.802603,-0.805193,1.01744,-0.353168,0.544141,0.340852,-1.07685,0.258762,0.258462,0.464341
21.7,-0.0202811,0.0112248,-0.79689,-0.831806,1.06185,-0.31476,0.444089,0.384077,-1.04157,0.303535,0.352801,0.447729
21.8,-0.100968,-0.0717815,-0.806872,-0.830063,1.09686,-0.273535,0.350098,0.412246,-0.995889,0.345317,0.456774,0.417817
21.9,-0.184196,-0.151634,-0.832278,-0.79853,1.12324,-0.230603,0.263867,0.429325,-0.939048,0.382237,0.56841,0.369205
22,-0.271042,-0.225198,-0.868459,-0.735632,1.1418,-0.186709,0.185548,0.438943,-0.870757,0.411906,0.682911,0.296689
22.1,-0.361702,-0.289298,-0.906597,-0.640999,1.15322,-0.142305,0.114213,0.444034,-0.791518,0.431603,0.792384,0.196965
22.2,-0.45521,-0.341046,-0.935085,-0.517479,1.15805,-0.0976299,0.048281,0.446752,-0.702838,0.438675,0.886804,0.0707269
22.3,-0.549448,-0.378309,-0.942376,-0.372634,1.15663,-0.0527766,-0.014176,0.448532,-0.607183,0.431086,0.956552,-0.0758988
22.4,-0.641502,-0.400144,-0.92054,-0.218352,1.1491,-0.00775431,-0.0752765,0.450223,-0.507601,0.407898,0.995817,-0.231872
22.5,-0.728278,-0.406962,-0.867765,-0.068181,1.13537,0.0374637,-0.137293,0.45218,-0.407095,0.369498,1.00506,-0.383999
22.6,-0.807115,-0.400336,-0.788366,0.0662585,1.1151,0.0828926,-0.202719,0.454289,-0.307986,0.317444,0.991086,-0.520547
22.7,-0.876167,-0.382558,-0.690521,0.177782,1.08766,0.128479,-0.274405,0.455868,-0.211494,0.254079,0.964927,-0.63365
22.8,-0.934501,-0.356147,-0.583339,0.264107,1.05209,0.174017,-0.355739,0.455374,-0.117586,0.182131,0.939078,-0.719481
22.9,-0.981968,-0.323469,-0.47467,0.326783,1.00701,0.218997,-0.450805,0.449798,-0.0250385,0.104473,0.925475,-0.776581
23,-1.01898,-0.286509,-0.370096,0.369602,0.950573,0.262351,-0.564335,0.43354,0.0684046,0.0241583,0.934432,-0.803143
23.1,-1.04626,-0.246786,-0.272826,0.397231,0.880485,0.301998,-0.700875,0.396475,0.165775,-0.0552123,0.973701,-0.793706
23.2,-1.06466,-0.205356,-0.184002,0.414297,0.794322,0.334124,-0.861634,0.32126,0.270338,-0.128768,1.04564,-0.735557
23.3,-1.07497,-0.162868,-0.103104,0.424882,0.690733,0.35237,-1.03589,0.182464,0.384238,-0.189503,1.13899,-0.607346
23.4,-1.07779,-0.11964,-0.0282425,0.432275,0.572092,0.348176,-1.18641,-0.0419434,0.505703,-0.228536,1.21465,-0.390331
23.5,-1.07343,-0.0757607,0.0436691,0.438796,0.446949,0.314845,-1.25143,-0.333307,0.626479,-0.239085,1.20776,-0.105489
23.6,-1.06176,-0.0312036,0.116694,0.445571,0.326604,0.253652,-1.20345,-0.611932,0.735155,-0.222449,1.08676,0.166361
23.7,-1.04222,0.014024,0.195412,0.452276,0.217353,0.172897,-1.09251,-0.807556,0.824864,-0.186921,0.897097,0.35528
23.8,-1.01377,0.0597187,0.284476,0.456947,0.118755,0.0814498,-0.985977,-0.914468,0.895014,-0.141168,0.701501,0.457521
23.9,-0.974932,0.105278,0.388383,0.455595,0.0268631,-0.0142767,-0.918923,-0.957264,0.948068,-0.0910015,0.53054,0.501669
24,-0.923828,0.14942,0.511032,0.441416,-0.0631818,-0.10981,-0.900449,-0.955337,0.98701,-0.0396094,0.389416,0.513921
24.1,-0.858402,0.189791,0.654263,0.403712,-0.155976,-0.201246,-0.927939,-0.914352,1.01438,0.0114546,0.273676,0.51064
24.2,-0.776964,0.222541,0.814382,0.3275,-0.2551,-0.284076,-0.991245,-0.828303,1.03206,0.0615349,0.176863,0.500803
24.3,-0.679332,0.242221,0.97632,0.1968,-0.362021,-0.352656,-1.06921,-0.685802,1.04135,0.110435,0.0928856,0.489002
24.4,-0.568347,0.242859,1.10984,0.00637855,-0.474644,-0.401024,-1.12623,-0.483681,1.04299,0.158165,0.0163871,0.477302
24.5,-0.450265,0.220727,1.18082,-0.221323,-0.586985,-0.425508,-1.12341,-0.244843,1.03725,0.204782,-0.057414,0.466165
24.6,-0.33228,0.176873,1.17985,-0.43854,-0.691684,-0.427133,-1.04699,-0.0162464,1.02396,0.250261,-0.132857,0.454787
24.7,-0.21897,0.116428,1.13309,-0.604447,-0.783617,-0.410802,-0.919328,0.163312,1.00259,0.294374,-0.213766,0.441135
24.8,-0.111176,0.0457659,1.07794,-0.706621,-0.861092,-0.382325,-0.774751,0.28477,0.972269,0.336559,-0.303189,0.421851
24.9,-0.00721479,-0.0293779,1.03962,-0.751437,-0.924759,-0.346393,-0.636669,0.35932,0.931974,0.375771,-0.402946,0.392118
25,0.0955268,-0.1042,1.02742,-0.748222,-0.976215,-0.30614,-0.514555,0.402527,0.880688,0.41034,-0.51286,0.345696
25.1,0.199441,-0.174444,1.03915,-0.70244,-1.01717,-0.263445,-0.409503,0.426953,0.817724,0.437889,-0.629642,0.275487
25.2,0.305921,-0.236062,1.0648,-0.616177,-1.04907,-0.219343,-0.319036,0.441024,0.743148,0.455404,-0.745759,0.175153
25.3,0.414809,-0.285262,1.08888,-0.492005,-1.07303,-0.17435,-0.239609,0.449926,0.658221,0.459612,-0.849269,0.0420791
25.4,0.524184,-0.319023,1.09375,-0.337605,-1.08979,-0.128682,-0.167606,0.45668,0.565607,0.447705,-0.926144,-0.119075
25.5,0.630712,-0.335828,1.06528,-0.168052,-1.09975,-0.08239,-0.0996294,0.462921,0.469041,0.418218,-0.965653,-0.294869
25.6,0.730583,-0.336127,0.998713,-0.00298906,-1.103,-0.0354545,-0.0325011,0.469355,0.37242,0.371581,-0.966212,-0.466366
25.7,0.820599,-0.322108,0.900157,0.140184,-1.09932,0.0121424,0.0368475,0.475969,0.27872,0.309966,-0.937004,-0.616152
25.8,0.89884,-0.29692,0.782415,0.251882,-1.08817,0.0603442,0.111492,0.482018,0.189329,0.236576,-0.893907,-0.733901
25.9,0.964723,-0.263816,0.658831,0.331044,-1.06871,0.108928,0.194584,0.485836,0.103988,0.154888,-0.853414,-0.81688
26,1.01866,-0.225594,0.53933,0.382222,-1.03978,0.157372,0.289283,0.484444,0.0211264,0.0682213,-0.828613,-0.866667
26.1,1.06161,-0.184379,0.429491,0.41215,-0.999943,0.204672,0.398397,0.472995,-0.0616623,-0.0202932,-0.827887,-0.885145
26.2,1.09474,-0.141635,0.33134,0.427436,-0.947599,0.249087,0.52344,0.444151,-0.14714,-0.107452,-0.85478,-0.871587
26.3,1.1192,-0.0982817,0.244561,0.433533,-0.881324,0.287872,0.662756,0.387849,-0.237872,-0.18959,-0.907317,-0.821382
26.4,1.13594,-0.0548335,0.167495,0.434482,-0.800469,0.317133,0.808544,0.292608,-0.335476,-0.262299,-0.976039,-0.72709
26.5,1.14572,-0.01153,0.0977931,0.433035,-0.706061,0.332156,0.944084,0.15023,-0.439664,-0.320626,-1.04188,-0.583265
26.6,1.149,0.0315565,0.0327869,0.430865,-0.601515,0.328589,1.04546,-0.035668,-0.547488,-0.360145,-1.07825,-0.395197
26.7,1.14597,0.0744327,-0.0303212,0.428762,-0.492268,0.304245,1.09247,-0.243434,-0.653703,-0.378678,-1.06215,-0.185328
26.8,1.13654,0.117108,-0.0943445,0.426752,-0.383955,0.260222,1.08313,-0.440234,-0.752581,-0.37733,-0.988785,0.0134818
26.9,1.12033,0.159521,-0.162028,0.42413,-0.28038,0.200269,1.03575,-0.599531,-0.839953,-0.35979,-0.873719,0.175401
27,1.09674,0.201461,-0.235966,0.419396,-0.182766,0.129147,0.976144,-0.711216,-0.913971,-0.330608,-0.740179,0.29182
27.1,1.06489,0.24247,-0.318475,0.410098,-0.0902506,0.0513723,0.925154,-0.777749,-0.974639,-0.293843,-0.606678,0.367651
27.2,1.02376,0.281733,-0.411336,0.392622,-0.000782173,-0.0291931,0.894684,-0.805654,-1.02297,-0.25254,-0.483348,0.413032
27.3,0.972228,0.317932,-0.515281,0.361992,0.0881226,-0.109181,0.889047,-0.799883,-1.06035,-0.20875,-0.373766,0.437892
27.4,0.909315,0.349121,-0.629128,0.311893,0.178811,-0.18537,0.906881,-0.761882,-1.08813,-0.163751,-0.277753,0.449989
27.5,0.83446,0.372651,-0.748549,0.235294,0.273002,-0.254375,0.941911,-0.690058,-1.10746,-0.118275,-0.193362,0.454763
27.6,0.747977,0.385274,-0.864832,0.126231,0.371282,-0.312578,0.982802,-0.582021,-1.11926,-0.0726961,-0.117969,0.45579
27.7,0.6515,0.38359,-0.964765,-0.0168396,0.472635,-0.356422,1.01353,-0.438443,-1.12414,-0.0271678,-0.0487673,0.455283
27.8,0.548153,0.364885,-1.03347,-0.187047,0.574275,-0.383165,1.0164,-0.267436,-1.12243,0.0182804,0.017071,0.454483
27.9,0.442066,0.328115,-1.06087,-0.367697,0.672123,-0.391785,0.978481,-0.0861912,-1.11419,0.0636693,0.0823888,0.453889
28,0.337239,0.274429,-1.04827,-0.536861,0.76194,-0.383432,0.898169,0.0835283,-1.09918,0.109003,0.150104,0.453333
28.1,0.236327,0.206826,-1.00912,-0.676029,0.840526,-0.361018,0.785854,0.224136,-1.07685,0.154192,0.223261,0.451893
28.2,0.140053,0.129246,-0.962747,-0.775807,0.906298,-0.328201,0.657727,0.328173,-1.04635,0.198955,0.30502,0.447633
28.3,0.047366,0.0457587,-0.926866,-0.834869,0.959138,-0.288431,0.528397,0.397693,-1.0065,0.242673,0.398469,0.437176
28.4,-0.0439619,-0.039743,-0.91328,-0.855017,0.999857,-0.244443,0.407193,0.439883,-0.955895,0.284186,0.506087,0.415134
28.5,-0.136633,-0.123406,-0.926713,-0.836627,1.02967,-0.198143,0.298166,0.463002,-0.893041,0.321549,0.628547,0.373625
28.6,-0.233055,-0.201074,-0.964218,-0.776684,1.04984,-0.150724,0.201654,0.474186,-0.816784,0.351798,0.762564,0.302498
28.7,-0.334446,-0.268111,-1.01391,-0.670367,1.06142,-0.102849,0.115844,0.478757,-0.726978,0.370959,0.898063,0.191609
28.8,-0.43991,-0.319803,-1.05464,-0.516926,1.06521,-0.0548184,0.037843,0.480301,-0.625298,0.374622,1.0168,0.0366255
28.9,-0.546036,-0.352586,-1.06126,-0.327827,1.06163,-0.00672064,-0.035757,0.480978,-0.515596,0.359307,1.09702,-0.153151
29,-0.647749,-0.365485,-1.01714,-0.128986,1.05077,0.0414611,-0.108655,0.481817,-0.403017,0.324024,1.12579,-0.352831
29.1,-0.740213,-0.360501,-0.924639,0.0498393,1.03228,0.0897467,-0.184828,0.482856,-0.292071,0.270754,1.10947,-0.532696
29.2,-0.82037,-0.341512,-0.801566,0.18989,1.00542,0.138051,-0.26867,0.483044,-0.185047,0.203461,1.07024,-0.672934
29.3,-0.887218,-0.312716,-0.668484,0.287961,0.968896,0.186028,-0.365207,0.479764,-0.081678,0.126688,1.03369,-0.767725
29.4,-0.941219,-0.277632,-0.54001,0.350834,0.920875,0.232802,-0.480209,0.467742,0.0203439,0.0448306,1.02022,-0.818576
29.5,-0.983559,-0.238796,-0.423396,0.388363,0.858913,0.276497,-0.619625,0.436957,0.124646,-0.0377014,1.04302,-0.82532
29.6,-1.01561,-0.197836,-0.320537,0.409601,0.780249,0.313435,-0.786635,0.369376,0.235363,-0.115599,1.10717,-0.778977
29.7,-1.03863,-0.15568,-0.230183,0.421555,0.683,0.337119,-0.97249,0.236844,0.355631,-0.181439,1.20267,-0.6584
29.8,-1.05356,-0.112765,-0.149323,0.429154,0.569121,0.338333,-1.1388,0.0121349,0.484443,-0.225568,1.28812,-0.441289
29.9,-1.06095,-0.069216,-0.0738627,0.43549,0.447498,0.309545,-1.21623,-0.287884,0.613452,-0.240329,1.29009,-0.147606
30,-1.06086,-0.0250234,0.000918334,0.441926,0.330265,0.252007,-1.17233,-0.575371,0.730593,-0.226984,1.17141,0.133445
30.1,-1.05288,0.0197896,0.0797368,0.44813,0.224036,0.174551,-1.06229,-0.774561,0.828848,-0.194341,0.982555,0.32643
30.2,-1.03621,0.0650094,0.166786,0.452198,0.128375,0.0863019,-0.956608,-0.882495,0.907831,-0.151311,0.789822,0.430297
30.3,-1.00965,0.110075,0.265549,0.450652,0.0395111,-0.00637498,-0.888636,-0.926768,0.970139,-0.1037,0.623087,0.476117
30.4,-0.971797,0.153893,0.378535,0.438186,-0.0469855,-0.0992429,-0.864966,-0.928679,1.01878,-0.0546503,0.486431,0.490493
30.5,-0.921148,0.194627,0.506494,0.407341,-0.135138,-0.188923,-0.881527,-0.896799,1.05629,-0.00570449,0.375033,0.489458
30.6,-0.856467,0.229485,0.646807,0.348573,-0.228081,-0.271945,-0.929426,-0.83022,1.08455,0.0424602,0.282619,0.481647
30.7,-0.77736,0.25466,0.791069,0.251751,-0.327548,-0.344268,-0.994671,-0.723229,1.10491,0.089608,0.203602,0.471478
30.8,-0.685051,0.265712,0.923093,0.110521,-0.433195,-0.401426,-1.05647,-0.571582,1.11825,0.135714,0.133378,0.461061
30.9,-0.582958,0.258677,1.02092,-0.0703531,-0.542102,-0.439509,-1.08906,-0.380827,1.12506,0.180832,0.0681408,0.45118
31,-0.476308,0.231687,1.06651,-0.269895,-0.649219,-0.456695,-1.07117,-0.171866,1.12553,0.225008,0.00466474,0.44176
31.1,-0.370478,0.185989,1.0583,-0.456986,-0.749068,-0.454201,-0.998497,0.0249435,1.11955,0.268212,-0.0598009,0.432042
31.2,-0.269152,0.125388,1.01326,-0.606005,-0.837645,-0.435664,-0.885765,0.185371,1.1068,0.310276,-0.12749,0.420634
31.3,-0.173624,0.0547165,0.955285,-0.706715,-0.913177,-0.405547,-0.75532,0.301167,1.0868,0.350831,-0.199965,0.405548
31.4,-0.0833111,-0.021431,0.903127,-0.761475,-0.975698,-0.367831,-0.625214,0.37716,1.05901,0.389262,-0.277912,0.384315
31.5,0.00331415,-0.0991909,0.866252,-0.777599,-1.02623,-0.325492,-0.505302,0.423388,1.02291,0.424683,-0.36095,0.354211
31.6,0.0879595,-0.175419,0.846453,-0.762276,-1.06612,-0.280528,-0.39892,0.449647,0.978161,0.455946,-0.447533,0.312629
31.7,0.172034,-0.247518,0.840746,-0.72099,-1.09669,-0.234179,-0.305722,0.463482,0.924659,0.481697,-0.535025,0.257508
31.8,0.256406,-0.313301,0.84372,-0.657836,-1.11907,-0.187172,-0.223749,0.470072,0.862661,0.500473,-0.619971,0.187764
31.9,0.341317,-0.370935,0.849112,-0.576334,-1.13412,-0.139897,-0.150562,0.472748,0.792807,0.510832,-0.69855,0.103587
32,0.426402,-0.418946,0.850852,-0.480112,-1.1425,-0.092541,-0.08374,0.473564,0.716095,0.511487,-0.767112,0.00654713
32.1,0.510779,-0.456271,0.843765,-0.37325,-1.1446,-0.045167,-0.0210331,0.47374,0.633822,0.501438,-0.822732,-0.10049
32.2,0.593182,-0.482302,0.824028,-0.260314,-1.14064,0.00222788,0.0396495,0.473948,0.547454,0.480074,-0.863677,-0.213634
32.3,0.672123,-0.496918,0.789416,-0.146157,-1.1306,0.0496767,0.100338,0.474488,0.458479,0.447241,-0.889755,-0.328331
32.4,0.746062,-0.500475,0.739382,-0.0355753,-1.11429,0.0972107,0.163146,0.47534,0.368226,0.403265,-0.902528,-0.439765
32.5,0.813558,-0.493768,0.674964,0.0670757,-1.09124,0.144823,0.230443,0.476126,0.277685,0.348944,-0.905407,-0.543202
32.6,0.873414,-0.47794,0.598556,0.158276,-1.06074,0.192415,0.305077,0.475919,0.187322,0.285525,-0.903633,-0.634195
32.7,0.924768,-0.454374,0.513539,0.235665,-1.02167,0.239699,0.390608,0.472836,0.0969074,0.214675,-0.904147,-0.708501
32.8,0.967149,-0.424548,0.423811,0.298255,-0.972525,0.286022,0.491501,0.463233,0.00537612,0.138526,-0.915313,-0.761488
32.9,1.00047,-0.3899,0.333235,0.346479,-0.911225,0.33004,0.612999,0.440182,-0.0892473,0.0598599,-0.946234,-0.786661
33,1.02498,-0.351695,0.245088,0.382052,-0.835251,0.369128,0.75974,0.390879,-0.18973,-0.0174331,-1.00483,-0.772931
33.1,1.04114,-0.31093,0.161574,0.407655,-0.742181,0.398472,0.930696,0.293437,-0.298957,-0.0875423,-1.09227,-0.701092
33.2,1.04948,-0.268281,0.0834413,0.426485,-0.63155,0.410314,1.10631,0.118419,-0.417933,-0.142033,-1.18976,-0.544904
33.3,1.05046,-0.224106,0.0097396,0.441748,-0.50825,0.395527,1.233,-0.147871,-0.542207,-0.17142,-1.24274,-0.293877
33.4,1.04423,-0.178496,-0.062241,0.456102,-0.383434,0.349874,1.24815,-0.456525,-0.660798,-0.171378,-1.18591,0.000422238
33.5,1.03057,-0.131383,-0.13667,0.471126,-0.267513,0.278464,1.15922,-0.714106,-0.763053,-0.14708,-1.02255,0.242979
33.6,1.0087,-0.0826861,-0.218656,0.486973,-0.16366,0.190693,1.03852,-0.877709,-0.845039,-0.108007,-0.819867,0.390735
33.7,0.977286,-0.0324774,-0.314134,0.502088,-0.0692652,0.0943094,0.943952,-0.963833,-0.908021,-0.0618321,-0.629818,0.461746
33.8,0.934259,0.0187555,-0.430276,0.512329,0.0207109,-0.00560498,0.899761,-0.999144,-0.95497,-0.0131505,-0.469486,0.486815
33.9,0.876685,0.0696278,-0.57574,0.508723,0.112104,-0.105286,0.913934,-0.996809,-0.988789,0.0356581,-0.338193,0.488086
34,0.800784,0.11691,-0.759013,0.472817,0.21101,-0.20041,0.989056,-0.951239,-1.01179,0.0835002,-0.230043,0.478422
34.1,0.702859,0.153915,-0.979247,0.370058,0.322788,-0.283892,1.11778,-0.834822,-1.02565,0.129977,-0.13853,0.464764
34.2,0.582941,0.169376,-1.19918,0.154604,0.44846,-0.344411,1.25673,-0.605192,-1.0314,0.175035,-0.0575465,0.450588
34.3,0.450687,0.152298,-1.32253,-0.170777,0.578841,-0.371041,1.3038,-0.266294,-1.02953,0.218743,0.0187309,0.437071
34.4,0.321702,0.103623,-1.28986,-0.486754,0.698251,-0.364702,1.1941,0.0633836,-1.01995,0.26108,0.0957538,0.423371
34.5,0.203973,0.0348659,-1.17728,-0.687567,0.798208,-0.33663,0.999573,0.28072,-1.00218,0.301764,0.17771,0.406847
34.6,0.0966603,-0.042961,-1.07313,-0.778269,0.878842,-0.297174,0.80634,0.394563,-0.975502,0.340135,0.266791,0.383706
34.7,-0.00408058,-0.122692,-1.00741,-0.797309,0.943273,-0.252406,0.644304,0.447683,-0.939192,0.375097,0.363105,0.349626
34.8,-0.101922,-0.199751,-0.978419,-0.770587,0.994642,-0.205378,0.513694,0.470281,-0.892719,0.405128,0.464725,0.300306
34.9,-0.199444,-0.270814,-0.975219,-0.710633,1.03539,-0.157528,0.407472,0.478494,-0.835945,0.428342,0.567747,0.232139
35,-0.297959,-0.333154,-0.985143,-0.623399,1.06725,-0.109493,0.318614,0.48035,-0.769292,0.442647,0.666529,0.143049
35.1,-0.397545,-0.38447,-0.995862,-0.513162,1.0914,-0.0615166,0.241518,0.479765,-0.693857,0.445987,0.754344,0.0333968
35.2,-0.497188,-0.422995,-0.996435,-0.385246,1.10859,-0.013657,0.171885,0.478596,-0.611402,0.436652,0.824551,-0.09335
35.3,-0.595039,-0.447702,-0.97851,-0.247071,1.11922,0.0341053,0.106332,0.477623,-0.524185,0.413596,0.872178,-0.230552
35.4,-0.688792,-0.458479,-0.937531,-0.10777,1.12343,0.0818051,0.0420428,0.476998,-0.434636,0.376674,0.895488,-0.369228
35.5,-0.77613,-0.45615,-0.873381,0.0232911,1.12108,0.129444,-0.023487,0.476393,-0.344949,0.326705,0.896868,-0.499684
35.6,-0.855126,-0.442312,-0.789954,0.138375,1.11182,0.176944,-0.0926163,0.474993,-0.256692,0.265368,0.88257,-0.613368
35.7,-0.924498,-0.419034,-0.693721,0.232781,1.09506,0.224079,-0.167611,0.471357,-0.170559,0.194955,0.861331,-0.704138
35.8,-0.983683,-0.388508,-0.591846,0.30526,1.07,0.2704,-0.250553,0.463203,-0.0863189,0.118108,0.842399,-0.768463
35.9,-1.03274,-0.352762,-0.490585,0.357456,1.0357,0.315116,-0.343046,0.447162,-0.00295584,0.0376465,0.83363,-0.804618
36,-1.07218,-0.313482,-0.394356,0.392809,0.991133,0.35698,-0.445641,0.418636,0.0810438,-0.043498,0.839996,-0.811444
36.1,-1.10273,-0.271939,-0.305541,0.415431,0.935435,0.394176,-0.556977,0.371961,0.167296,-0.122237,0.862517,-0.787392
36.2,-1.12521,-0.229013,-0.22476,0.429258,0.868157,0.424298,-0.672779,0.301227,0.257049,-0.195286,0.897539,-0.730485
36.3,-1.14034,-0.185255,-0.151353,0.437578,0.789636,0.444498,-0.785217,0.201997,0.350706,-0.259243,0.93657,-0.639575
36.4,-1.14873,-0.140968,-0.0838563,0.442869,0.701287,0.451878,-0.883482,0.0737956,0.44744,-0.31091,0.967339,-0.516664
36.5,-1.15076,-0.0962842,-0.0203546,0.446838,0.605651,0.444105,-0.956361,-0.0777304,0.545112,-0.34782,0.976716,-0.369107
36.6,-1.14663,-0.0512302,0.0413058,0.450541,0.506017,0.420027,-0.99634,-0.240779,0.640615,-0.368796,0.955035,-0.209761
36.7,-1.13629,-0.00578084,0.103448,0.454494,0.40571,0.379985,-1.00307,-0.400418,0.730578,-0.374204,0.899627,-0.0540753
36.8,-1.11943,0.0400909,0.1686,0.458717,0.307324,0.325666,-0.983859,-0.543188,0.812104,-0.365757,0.815259,0.0844705
36.9,-1.09547,0.0863573,0.239613,0.462664,0.212223,0.259628,-0.951009,-0.660381,0.883244,-0.345985,0.711396,0.197717
37,-1.06348,0.132854,0.319825,0.464964,0.120395,0.184789,-0.918275,-0.748386,0.943089,-0.317643,0.59845,0.283422
37.1,-1.02216,0.179143,0.413204,0.46289,0.0305665,0.104123,-0.898288,-0.806668,0.991597,-0.283265,0.485084,0.343778
37.2,-0.969732,0.22428,0.524311,0.45137,-0.0595787,0.0206512,-0.901452,-0.834713,1.02931,-0.244931,0.377141,0.383343
37.3,-0.903972,0.266409,0.657602,0.421296,-0.15311,-0.0622167,-0.935312,-0.828679,1.05708,-0.204193,0.27771,0.407383
37.4,-0.822492,0.30213,0.8148,0.357205,-0.253357,-0.140024,-1.00247,-0.778073,1.07585,-0.162106,0.187666,0.420869
37.5,-0.723704,0.325752,0.987882,0.236226,-0.362768,-0.206446,-1.09411,-0.664222,1.08647,-0.119306,0.106232,0.427996
37.6,-0.609037,0.329381,1.14667,0.0362863,-0.480573,-0.253276,-1.17805,-0.468297,1.08961,-0.0761051,0.0313859,0.43201
37.7,-0.485395,0.305937,1.23642,-0.234441,-0.600225,-0.273344,-1.19651,-0.200681,1.08562,-0.0325928,-0.0399103,0.435122
37.8,-0.363333,0.254723,1.22062,-0.512136,-0.711136,-0.265969,-1.10911,0.0737544,1.07447,0.0112454,-0.111502,0.438382
37.9,-0.250309,0.182308,1.13024,-0.724154,-0.805394,-0.237703,-0.942576,0.282653,1.0557,0.0553955,-0.187666,0.441501
38,-0.147516,0.0972581,1.02794,-0.850497,-0.880919,-0.196924,-0.755249,0.407791,1.02843,0.0996661,-0.272686,0.442706
38.1,-0.052082,0.0064014,0.954336,-0.908567,-0.939294,-0.149914,-0.583753,0.470103,0.991376,0.143513,-0.370582,0.438465
38.2,0.0402694,-0.0853939,0.923514,-0.917953,-0.983173,-0.100412,-0.438792,0.495018,0.942904,0.185806,-0.484722,0.422935
38.3,0.133814,-0.174142,0.935442,-0.88748,-1.01504,-0.0503861,-0.318718,0.50026,0.881231,0.224528,-0.616724,0.38722
38.4,0.232038,-0.255673,0.98224,-0.815309,-1.03687,-0.000764144,-0.218236,0.49622,0.804831,0.256437,-0.764004,0.319089
38.5,0.336775,-0.325029,1.04737,-0.693563,-1.05004,0.0480908,-0.131711,0.488549,0.713265,0.276938,-0.915659,0.205014
38.6,0.447077,-0.376805,1.10302,-0.517756,-1.05544,0.0961002,-0.0540106,0.480095,0.608364,0.280704,-1.04901,0.0376612
38.7,0.55859,-0.406863,1.11513,-0.300579,-1.05349,0.143298,0.0194801,0.471982,0.494902,0.263564,-1.13461,-0.171403
38.8,0.66484,-0.414569,1.0625,-0.077064,-1.04419,0.189708,0.0930095,0.464098,0.379351,0.224861,-1.15551,-0.387034
38.9,0.760168,-0.4032,0.953282,0.11369,-1.02714,0.235229,0.17051,0.455208,0.266972,0.167971,-1.12379,-0.568898
39,0.841712,-0.377953,0.815441,0.252472,-1.00159,0.279513,0.255488,0.442845,0.159879,0.0984393,-1.07093,-0.695317
39.1,0.909211,-0.34373,0.674983,0.342231,-0.96652,0.321821,0.350721,0.42308,0.0573088,0.0219082,-1.0257,-0.76531
39.2,0.963831,-0.304155,0.546198,0.395743,-0.920756,0.360851,0.45764,0.390293,-0.0430749,-0.0566953,-1.00384,-0.786036
39.3,1.00719,-0.261562,0.433593,0.425936,-0.86323,0.394574,0.575256,0.337229,-0.14396,-0.133012,-1.00885,-0.763165
39.4,1.04083,-0.217311,0.336415,0.44251,-0.793366,0.420162,0.698638,0.255884,-0.247465,-0.202851,-1.03505,-0.698393
39.5,1.06601,-0.172126,0.251763,0.451852,-0.711609,0.434157,0.817574,0.139951,-0.354399,-0.262031,-1.06934,-0.591803
39.6,1.08362,-0.126339,0.17614,0.457868,-0.619903,0.433059,0.917061,-0.0109852,-0.463719,-0.30672,-1.0932,-0.446883
39.7,1.09423,-0.0800602,0.106047,0.462786,-0.521734,0.414318,0.981683,-0.187404,-0.572492,-0.334258,-1.08773,-0.275381
39.8,1.09804,-0.0332902,0.0381424,0.4677,-0.421406,0.377297,1.00329,-0.370207,-0.676635,-0.344007,-1.04143,-0.0974936
39.9,1.09496,0.0139976,-0.0307973,0.472878,-0.322758,0.323531,0.986472,-0.537667,-0.772202,-0.337528,-0.955674,0.0647881
40,1.08456,0.0617809,-0.103976,0.477832,-0.228101,0.256115,0.946577,-0.674162,-0.856463,-0.317896,-0.842601,0.196329
40.1,1.0661,0.1099,-0.184672,0.48119,-0.137858,0.178752,0.902424,-0.773627,-0.928238,-0.288652,-0.717752,0.292437
40.2,1.03847,0.157935,-0.276244,0.480355,-0.0508506,0.0950694,0.870077,-0.836825,-0.987621,-0.253005,-0.593833,0.35647
40.3,1.00028,0.20503,-0.381903,0.470942,0.035191,0.00842894,0.860417,-0.866405,-1.03547,-0.213459,-0.478514,0.395463
40.4,0.949884,0.249633,-0.503972,0.446033,0.123091,-0.0778615,0.879001,-0.862904,-1.07298,-0.171771,-0.37503,0.416871
40.5,0.885666,0.289191,-0.642187,0.395576,0.215673,-0.16012,0.925823,-0.822589,-1.10134,-0.12907,-0.283636,0.427013
40.6,0.806608,0.319885,-0.790571,0.306947,0.315018,-0.23388,0.993449,-0.737592,-1.12163,-0.0860057,-0.202878,0.430644
40.7,0.713257,0.336777,-0.933513,0.168922,0.421412,-0.293877,1.06394,-0.599977,-1.13467,-0.0429002,-0.130423,0.431055
40.8,0.608731,0.334882,-1.04526,-0.0189539,0.532289,-0.335013,1.10877,-0.411362,-1.14102,0.000131365,-0.0635164,0.430316
40.9,0.498712,0.311244,-1.1002,-0.236382,0.642231,-0.354325,1.09942,-0.193117,-1.14094,0.0430813,0.000781621,0.4295
41,0.38954,0.266602,-1.09172,-0.44642,0.744857,-0.352566,1.02627,0.0175933,-1.1344,0.085964,0.0654531,0.428827
41.1,0.285664,0.204933,-1.03876,-0.61669,0.835393,-0.333668,0.905359,0.188974,-1.12106,0.128736,0.133399,0.427716
41.2,0.188556,0.131471,-0.971085,-0.734622,0.911769,-0.302681,0.76376,0.309871,-1.10032,0.171211,0.207324,0.42475
41.3,0.0972899,0.0511085,-0.912656,-0.803622,0.974075,-0.264076,0.623059,0.386055,-1.07137,0.212967,0.289597,0.417567
41.4,0.00963984,-0.0321091,-0.876501,-0.832176,1.02353,-0.221127,0.494501,0.429491,-1.03317,0.253236,0.382,0.402685
41.5,-0.0770443,-0.114796,-0.866841,-0.826873,1.06168,-0.175976,0.38157,0.451508,-0.984638,0.290772,0.485271,0.375364
41.6,-0.165238,-0.193825,-0.881935,-0.790285,1.09004,-0.129914,0.283605,0.460618,-0.924805,0.323739,0.598331,0.329667
41.7,-0.25678,-0.265986,-0.915422,-0.72161,1.10986,-0.083658,0.198192,0.462561,-0.853082,0.349644,0.71723,0.259049
41.8,-0.35243,-0.327875,-0.956499,-0.618888,1.1221,-0.0375607,0.122382,0.460974,-0.76967,0.365435,0.834118,0.157914
41.9,-0.451462,-0.376122,-0.990324,-0.482476,1.12742,0.00824171,0.0531874,0.458024,-0.675957,0.367881,0.937137,0.0244521
42,-0.551503,-0.408013,-1.0004,-0.318905,1.12619,0.0537292,-0.0122735,0.454875,-0.574689,0.354284,1.01268,-0.13597
42.1,-0.648884,-0.42228,-0.973814,-0.142673,1.11851,0.098925,-0.0768019,0.451958,-0.469627,0.323355,1.05062,-0.309285
42.2,-0.739578,-0.419598,-0.906935,0.0268193,1.10419,0.143832,-0.143193,0.449071,-0.364614,0.275766,1.05013,-0.475891
42.3,-0.820283,-0.402363,-0.807055,0.172354,1.08276,0.188365,-0.214302,0.445326,-0.262479,0.213998,1.02136,-0.61768
42.4,-0.889089,-0.373883,-0.688062,0.284798,1.05346,0.232258,-0.293039,0.438931,-0.164369,0.141625,0.981101,-0.72373
42.5,-0.945489,-0.337495,-0.563993,0.36388,1.01524,0.274941,-0.382211,0.426837,-0.0697481,0.0625534,0.946205,-0.790717
42.6,-0.989978,-0.295992,-0.444893,0.41503,0.96683,0.315369,-0.484066,0.40427,0.0231478,-0.0193766,0.928959,-0.8193
42.7,-1.02358,-0.251426,-0.335974,0.44566,0.906899,0.351803,-0.59931,0.364348,0.116676,-0.100377,0.935284,-0.810008
42.8,-1.04744,-0.205152,-0.238635,0.462739,0.834359,0.381627,-0.7254,0.298235,0.21308,-0.176475,0.964035,-0.760974
42.9,-1.06263,-0.157973,-0.151861,0.471788,0.748931,0.401308,-0.854282,0.196814,0.313694,-0.243335,1.00614,-0.668602
43,-1.06996,-0.1103,-0.0733128,0.476731,0.651831,0.406806,-0.970998,0.0549783,0.418125,-0.296506,1.04431,-0.531709
43.1,-1.06996,-0.0622897,1.00097e-05,0.480105,0.546194,0.394602,-1.05637,-0.122039,0.523761,-0.332312,1.05636,-0.358066
43.2,-1.06281,-0.0139555,0.0714637,0.483342,0.436596,0.363064,-1.09598,-0.315376,0.626213,-0.349109,1.02451,-0.167966
43.3,-1.04834,0.0347394,0.144696,0.486949,0.327576,0.313202,-1.0902,-0.498626,0.720764,-0.347941,0.945509,0.011677
43.4,-1.02596,0.0837909,0.223753,0.490514,0.222043,0.248175,-1.05532,-0.650266,0.803921,-0.331966,0.83157,0.159751
43.5,-0.994633,0.133032,0.313309,0.492413,0.120573,0.172103,-1.0147,-0.760726,0.87406,-0.305135,0.701393,0.268313
43.6,-0.95274,0.181934,0.418931,0.48902,0.0215956,0.0891508,-0.989777,-0.829519,0.931145,-0.271085,0.570846,0.340499
43.7,-0.898036,0.229242,0.54704,0.473074,-0.0780492,0.00338521,-0.996448,-0.857656,0.976085,-0.232627,0.449408,0.384582
43.8,-0.827681,0.272313,0.703555,0.430716,-0.182494,-0.0806328,-1.04444,-0.84018,1.01017,-0.19168,0.340888,0.409464
43.9,-0.738856,0.306073,0.888244,0.337599,-0.295852,-0.156657,-1.13358,-0.760242,1.03471,-0.149416,0.245338,0.422643
44,-0.630902,0.322117,1.07954,0.160437,-0.419863,-0.215673,-1.24011,-0.590161,1.05077,-0.106444,0.160573,0.429724
44.1,-0.509275,0.310662,1.21627,-0.114554,-0.549791,-0.247668,-1.29928,-0.319947,1.05907,-0.0629936,0.0830139,0.4345
44.2,-0.386131,0.267957,1.23144,-0.427042,-0.673749,-0.248868,-1.23958,-0.0120002,1.05988,-0.0190895,0.00813784,0.439042
44.3,-0.271829,0.20042,1.14302,-0.675377,-0.781157,-0.225697,-1.07408,0.231713,1.05299,0.0252769,-0.0689402,0.443664
44.4,-0.16884,0.118085,1.0299,-0.82335,-0.868869,-0.188062,-0.877122,0.376347,1.03771,0.0699773,-0.152775,0.447003
44.5,-0.0743671,0.028788,0.944727,-0.892967,-0.938615,-0.143375,-0.697458,0.446867,1.01298,0.114587,-0.247268,0.446099
44.6,0.0159915,-0.0623236,0.903586,-0.911117,-0.993423,-0.0958836,-0.548085,0.474915,0.977432,0.158207,-0.355501,0.436201
44.7,0.106559,-0.151494,0.905677,-0.891699,-1.03607,-0.0477485,-0.426506,0.481352,0.929515,0.199242,-0.479171,0.410348
44.8,0.20093,-0.235176,0.943708,-0.83682,-1.06873,2.39826e-05,-0.32652,0.477725,0.867796,0.235152,-0.617188,0.359095
44.9,0.301457,-0.309311,1.00527,-0.741356,-1.09293,0.0470293,-0.24209,0.470053,0.791478,0.262282,-0.763177,0.271304
45,0.408524,-0.369213,1.07068,-0.599021,-1.10975,0.093162,-0.168147,0.461327,0.701225,0.276051,-0.90253,0.137694
45.1,0.519805,-0.410355,1.11281,-0.411415,-1.1198,0.138447,-0.1005,0.452849,0.599994,0.271908,-1.01231,-0.0414341
45.2,0.630327,-0.430046,1.10522,-0.196912,-1.12336,0.182934,-0.0355988,0.444872,0.493032,0.247112,-1.06962,-0.24796
45.3,0.73409,-0.428884,1.03763,0.0116157,-1.1204,0.22662,0.0296018,0.43686,0.386309,0.202264,-1.06724,-0.448475
45.4,0.826395,-0.410475,0.923045,0.184096,-1.11064,0.269377,0.0976207,0.427572,0.284242,0.141098,-1.02067,-0.611668
45.5,0.905037,-0.379652,0.786422,0.308225,-1.09361,0.310888,0.170296,0.41511,0.188571,0.0687642,-0.956718,-0.723335
45.6,0.969952,-0.340829,0.649149,0.388234,-1.06875,0.350591,0.248572,0.397028,0.0987985,-0.00976195,-0.897721,-0.785261
45.7,1.02225,-0.297294,0.522984,0.435348,-1.03552,0.387647,0.332302,0.370564,0.0132698,-0.0903531,-0.855286,-0.805912
45.8,1.06343,-0.251223,0.411826,0.460715,-0.993506,0.420947,0.420142,0.333001,-0.0699269,-0.169725,-0.831967,-0.793716
45.9,1.09496,-0.203941,0.31523,0.472818,-0.942546,0.449159,0.509603,0.282115,-0.15241,-0.245218,-0.824832,-0.754933
46,1.11805,-0.156205,0.230944,0.477361,-0.882814,0.47082,0.597313,0.216609,-0.235236,-0.314615,-0.828258,-0.69397
46.1,1.13367,-0.108412,0.156243,0.477927,-0.814869,0.484464,0.679454,0.136439,-0.318806,-0.376052,-0.835697,-0.614366
46.2,1.14252,-0.0607453,0.088488,0.476668,-0.73964,0.488759,0.752296,0.0429504,-0.402884,-0.428014,-0.840784,-0.519619
46.3,1.14505,-0.0132632,0.0252856,0.47482,-0.658364,0.48264,0.812754,-0.06119,-0.486688,-0.469377,-0.83804,-0.41363
46.4,1.1415,0.0340406,-0.0355346,0.473038,-0.572478,0.465416,0.858863,-0.172237,-0.569021,-0.499457,-0.823328,-0.300801
46.5,1.1319,0.0811989,-0.0960271,0.471583,-0.483464,0.436844,0.890137,-0.285717,-0.648432,-0.518043,-0.79411,-0.185866
46.6,1.11607,0.128239,-0.158274,0.470397,-0.392684,0.397163,0.907796,-0.396818,-0.723384,-0.525401,-0.749522,-0.0735794
46.7,1.09361,0.175145,-0.224554,0.469069,-0.301199,0.347089,0.914856,-0.500738,-0.792414,-0.522234,-0.690303,0.0316692
46.8,1.06386,0.221813,-0.297536,0.466671,-0.209587,0.287798,0.916119,-0.592911,-0.854273,-0.50961,-0.618583,0.12624
46.9,1.02581,0.267953,-0.380484,0.4614,-0.117785,0.2209,0.918024,-0.668979,-0.908027,-0.488852,-0.53754,0.207579
47,0.97807,0.31294,-0.477408,0.449876,-0.0249491,0.148467,0.928354,-0.724324,-0.953121,-0.461408,-0.450946,0.274447
47.1,0.918778,0.355527,-0.592924,0.425871,0.0706073,0.0731805,0.955564,-0.752869,-0.989385,-0.428708,-0.36264,0.326999
47.2,0.845666,0.393345,-0.731118,0.378176,0.171318,-0.00130452,1.0071,-0.744851,-1.01698,-0.39204,-0.275986,0.366675
47.3,0.756511,0.422141,-0.891553,0.28796,0.279812,-0.0696926,1.08494,-0.683881,-1.03632,-0.352448,-0.193386,0.395921
47.4,0.650585,0.435072,-1.05926,0.129309,0.397328,-0.124401,1.17516,-0.547083,-1.04791,-0.310671,-0.115904,0.417774
47.5,0.531497,0.423614,-1.19088,-0.114576,0.520719,-0.156482,1.23392,-0.320807,-1.05222,-0.267132,-0.0430311,0.435384
47.6,0.408825,0.382399,-1.22672,-0.412155,0.640651,-0.160418,1.19932,-0.0393594,-1.04948,-0.221981,0.0273989,0.451514
47.7,0.293273,0.314356,-1.15552,-0.680423,0.746302,-0.13918,1.05651,0.212371,-1.03958,-0.175176,0.0990044,0.468052
47.8,0.189689,0.228009,-1.03585,-0.863469,0.832246,-0.101399,0.859438,0.377814,-1.02193,-0.12661,0.176408,0.485655
47.9,0.0967268,0.131413,-0.929621,-0.965968,0.898706,-0.0551531,0.664606,0.462459,-0.995433,-0.0762595,0.265015,0.503508
48,0.00996571,0.0300532,-0.867611,-1.01359,0.948338,-0.00566871,0.496314,0.494844,-0.958304,-0.0243845,0.371297,0.51875
48.1,-0.0761022,-0.0723178,-0.860679,-1.02371,0.984088,0.044213,0.357504,0.498817,-0.907986,0.0281049,0.503175,0.524893
48.2,-0.167389,-0.17207,-0.912871,-0.99752,1.00843,0.0931231,0.24345,0.489101,-0.841044,0.0789468,0.669421,0.508419
48.3,-0.269648,-0.263758,-1.02259,-0.916886,1.02322,0.140512,0.147891,0.47389,-0.753574,0.123246,0.8747,0.442996
48.4,-0.386319,-0.338183,-1.16671,-0.744243,1.0297,0.186257,0.0647782,0.457451,-0.643381,0.151926,1.10193,0.286792
48.5,-0.513356,-0.383541,-1.27037,-0.45358,1.02854,0.230416,-0.0115911,0.44159,-0.515186,0.153125,1.28196,0.0119897
48.6,-0.63715,-0.394575,-1.23794,-0.110346,1.01987,0.273031,-0.0866822,0.426152,-0.382723,0.121544,1.32462,-0.315806
48.7,-0.745281,-0.378538,-1.08131,0.160371,1.00335,0.313946,-0.165191,0.409143,-0.258073,0.0645925,1.2465,-0.569514
48.8,-0.834311,-0.346473,-0.890307,0.320651,0.978337,0.352661,-0.250164,0.387154,-0.144026,-0.00618808,1.14047,-0.707806
48.9,-0.906112,-0.306178,-0.718006,0.402949,0.944072,0.388257,-0.342651,0.355959,-0.0379604,-0.0820789,1.06066,-0.758908
49,-0.963701,-0.261935,-0.575894,0.442431,0.899907,0.419359,-0.44165,0.311019,0.0637939,-0.157424,1.01754,-0.75345
49.1,-1.00972,-0.215888,-0.460157,0.460474,0.845503,0.444168,-0.544048,0.248087,0.164214,-0.22828,1.00421,-0.70856
49.2,-1.04614,-0.169055,-0.364185,0.468328,0.781036,0.460573,-0.644667,0.164052,0.2651,-0.291518,1.00885,-0.63238
49.3,-1.07434,-0.121885,-0.282057,0.4717,0.707368,0.466372,-0.736676,0.0579927,0.366973,-0.344487,1.01873,-0.529692
49.4,-1.09525,-0.0745408,-0.20906,0.473441,0.626105,0.45959,-0.812629,-0.0678253,0.469142,-0.385049,1.02169,-0.405616
49.5,-1.10939,-0.0270494,-0.141459,0.474914,0.53949,0.438844,-0.866156,-0.207456,0.569903,-0.411795,1.00762,-0.267458
49.6,-1.11701,0.0206148,-0.0761721,0.476642,0.450096,0.403664,-0.893936,-0.351799,0.666914,-0.424279,0.970108,-0.124843
49.7,-1.11806,0.0684734,-0.0104842,0.478586,0.36038,0.354637,-0.897159,-0.490276,0.757679,-0.42311,0.907643,0.01169
49.8,-1.11224,0.116493,0.0581499,0.480196,0.272212,0.293327,-0.88168,-0.613097,0.840032,-0.40982,0.82353,0.132902
49.9,-1.09902,0.164524,0.132212,0.480306,0.186543,0.222019,-0.856688,-0.713075,0.912479,-0.386543,0.724477,0.232768
